participant_id,language,age_group,gender,ATI_1,ATI_2,ATI_3,ATI_4,ATI_5,ATI_6,ATI_7,ATI_8,ATI_9,rating_I3,rating_I2,rating_I5,rating_I6,rating_I1,rating_I4,rating_C1,rating_C2,rating_C3,rating_C4,rating_C5,rating_G7,rating_G9,rating_G5,rating_G6,rating_G1,rating_G3,rating_G8,rating_G2,rating_G4,rank_I3,rank_I2,rank_I5,rank_I6,rank_I1,rank_I4,rank_C1,rank_C2,rank_C3,rank_C4,rank_C5,rank_G7,rank_G9,rank_G5,rank_G6,rank_G1,rank_G3,rank_G8,rank_G2,rank_G4,pair_stop,pair_proceed,pair_slow_down
P001,pt,18-24,female,3,3,4,3,3,3,3,3,4,7,6,7,7,5,7,6,6,5,6,6,7,2,5,7,3,6.0,7,7,3,1.0,4.0,3.0,5.0,6.0,2.0,1.0,2.0,5.0,3.0,4.0,3.0,9.0,5.0,4.0,6.0,8.0,2.0,1.0,7.0,G8,G6,G7
P002,pt,18-24,female,4,4,2,5,5,3,3,4,5,6,5,5,6,5,6,7,6,6,6,5,6,5,3,6,5,4.0,6,6,5,1.0,5.0,6.0,3.0,4.0,2.0,1.0,3.0,4.0,2.0,5.0,5.0,4.0,8.0,3.0,6.0,9.0,1.0,2.0,7.0,G8,G6,G7
P003,pt,18-24,male,4,4,4,5,5,3,4,3,4,7,5,3,3,3,5,7,7,5,6,6,5,5,6,6,4,4.0,6,5,5,1.0,2.0,6.0,5.0,3.0,4.0,2.0,1.0,5.0,3.0,4.0,3.0,7.0,2.0,1.0,9.0,8.0,4.0,5.0,6.0,G2,G6,G7
P004,pt,18-24,male,5,5,2,5,5,4,4,5,6,7,7,1,5,7,1,7,7,7,7,7,5,3,7,7,5,2.0,7,3,3,1.0,3.0,5.0,4.0,2.0,6.0,1.0,2.0,3.0,4.0,5.0,3.0,4.0,2.0,1.0,6.0,5.0,7.0,9.0,8.0,G2,G6,G7
P005,pt,18-24,male,5,4,3,3,3,4,4,3,5,5,4,6,3,4,5,5,5,2,4,5,4,3,5,5,2,2.0,5,5,3,2.0,4.0,1.0,6.0,5.0,3.0,1.0,2.0,5.0,4.0,3.0,3.0,9.0,1.0,6.0,8.0,7.0,4.0,2.0,5.0,G8,G6,G4
P006,pt,18-24,male,6,6,2,4,6,4,4,4,5,5,3,1,6,3,1,2,2,2,2,5,2,2,2,5,2,1.0,5,5,1,2.0,3.0,6.0,1.0,5.0,4.0,4.0,5.0,2.0,3.0,1.0,7.0,6.0,5.0,3.0,9.0,8.0,2.0,1.0,4.0,G8,G6,G7
P007,pt,18-24,female,3,4,3,5,5,3,3,3,5,6,6,5,6,5,5,7,6,5,6,4,6,4,5,7,4,6.0,7,7,5,1.0,2.0,6.0,3.0,4.0,5.0,1.0,2.0,4.0,3.0,5.0,4.0,9.0,6.0,1.0,8.0,7.0,2.0,3.0,5.0,G8,G6,G7
P008,pt,18-24,male,4,6,2,5,4,5,4,5,4,5,6,5,4,5,4,5,5,3,6,5,5,4,5,5,2,6.0,7,7,5,1.0,2.0,3.0,5.0,4.0,6.0,1.0,2.0,5.0,3.0,4.0,5.0,7.0,3.0,4.0,9.0,6.0,2.0,1.0,8.0,G8,G6,G7
P009,pt,18-24,female,4,5,3,5,5,4,4,4,4,7,7,7,7,6,7,6,6,6,6,6,7,6,7,7,7,7.0,7,7,7,1.0,2.0,4.0,6.0,5.0,3.0,1.0,2.0,3.0,4.0,5.0,6.0,9.0,5.0,4.0,8.0,7.0,2.0,1.0,3.0,G8,G6,G7
P010,pt,35-44,male,5,4,1,4,4,2,3,2,4,3,5,6,1,2,4,1,1,1,1,1,1,1,1,1,1,1.0,1,1,1,4.0,3.0,1.0,5.0,6.0,2.0,3.0,4.0,5.0,2.0,1.0,8.0,5.0,6.0,7.0,3.0,2.0,4.0,9.0,1.0,G8,G6,G2
P011,pt,18-24,male,5,4,5,5,4,4,5,4,4,3,7,6,6,2,6,6,6,4,6,6,4,2,5,6,1,6.0,7,7,3,5.0,1.0,3.0,2.0,6.0,4.0,1.0,2.0,5.0,3.0,4.0,6.0,8.0,4.0,3.0,9.0,5.0,1.0,2.0,7.0,G8,G6,G7
P012,pt,18-24,male,4,4,3,4,4,3,3,2,4,3,6,3,7,5,2,6,6,5,6,6,5,3,4,5,3,5.0,6,6,3,4.0,2.0,5.0,1.0,3.0,6.0,1.0,3.0,4.0,5.0,2.0,8.0,4.0,5.0,6.0,7.0,3.0,1.0,2.0,9.0,G8,G6,G8
P013,pt,18-24,male,1,1,6,1,1,6,1,6,4,7,7,7,7,5,7,7,7,7,7,7,1,7,4,7,2,6.0,7,7,1,5.0,1.0,6.0,3.0,2.0,4.0,5.0,4.0,1.0,3.0,2.0,2.0,8.0,7.0,9.0,1.0,5.0,3.0,6.0,4.0,G3,G6,G2
P014,pt,18-24,male,5,5,5,4,5,5,3,3,5,7,7,6,6,5,6,6,6,6,6,5,5,5,6,6,5,6.0,7,7,4,1.0,2.0,3.0,5.0,6.0,4.0,1.0,2.0,3.0,4.0,5.0,5.0,6.0,1.0,2.0,7.0,8.0,3.0,4.0,9.0,G8,G6,G7
P015,pt,18-24,male,5,5,2,4,4,4,4,4,5,6,6,3,5,5,4,5,5,4,6,3,6,2,5,6,4,5.0,7,6,6,1.0,2.0,4.0,5.0,3.0,6.0,2.0,3.0,5.0,1.0,4.0,2.0,8.0,7.0,4.0,9.0,6.0,1.0,5.0,3.0,G8,G6,G7
P016,pt,18-24,male,6,6,6,5,6,6,5,5,6,6,7,7,7,7,7,7,7,6,7,6,7,7,7,7,5,7.0,7,7,5,6.0,1.0,4.0,2.0,3.0,5.0,2.0,1.0,5.0,3.0,4.0,2.0,7.0,1.0,5.0,8.0,6.0,3.0,4.0,9.0,G8,G6,G7
P017,pt,25-34,male,5,5,1,5,5,4,5,4,6,3,6,4,6,4,5,5,4,5,5,5,5,3,5,5,3,3.0,6,6,4,6.0,1.0,4.0,2.0,5.0,3.0,1.0,4.0,5.0,2.0,3.0,4.0,9.0,3.0,5.0,8.0,6.0,1.0,2.0,7.0,G2,G6,G4
P018,pt,18-24,male,1,1,6,1,1,1,1,1,4,6,3,3,5,3,3,1,3,3,3,3,1,2,7,6,2,6.0,6,2,2,1.0,2.0,6.0,4.0,3.0,5.0,1.0,2.0,5.0,3.0,4.0,1.0,3.0,2.0,5.0,6.0,8.0,4.0,9.0,7.0,G8,G6,G7
P019,pt,55-64,male,5,5,2,5,5,3,5,3,5,6,6,6,6,3,6,5,3,3,3,3,2,2,2,2,2,2.0,2,2,2,2.0,3.0,1.0,5.0,6.0,4.0,1.0,2.0,3.0,5.0,4.0,3.0,6.0,4.0,2.0,7.0,8.0,1.0,9.0,5.0,G8,G6,G4
P020,pt,18-24,male,5,6,5,5,5,3,5,1,6,5,7,6,6,7,6,7,5,6,5,6,5,5,7,6,6,3.0,7,7,5,6.0,1.0,3.0,2.0,5.0,4.0,1.0,3.0,4.0,5.0,2.0,6.0,7.0,3.0,4.0,5.0,9.0,2.0,1.0,8.0,G2,G6,G7
P021,pt,18-24,male,4,5,4,3,4,2,5,4,5,6,6,5,4,3,5,6,6,5,6,5,6,2,5,4,2,2.0,6,6,2,2.0,1.0,3.0,5.0,6.0,4.0,1.0,2.0,4.0,3.0,5.0,3.0,7.0,4.0,5.0,9.0,8.0,1.0,2.0,6.0,G2,G6,G7
P022,pt,18-24,male,5,5,2,5,5,4,5,1,5,7,6,7,7,5,7,6,6,4,7,3,6,6,7,7,5,7.0,7,7,5,1.0,3.0,4.0,6.0,5.0,2.0,2.0,3.0,4.0,1.0,5.0,3.0,8.0,5.0,4.0,9.0,6.0,1.0,2.0,7.0,G2,G6,G7
P023,pt,18-24,male,4,4,5,4,5,5,5,4,5,4,6,6,6,5,6,6,6,4,5,6,4,5,6,6,3,3.0,7,6,5,6.0,2.0,4.0,1.0,5.0,3.0,1.0,2.0,5.0,3.0,4.0,8.0,5.0,2.0,6.0,9.0,7.0,1.0,3.0,4.0,G8,G6,G7
P024,pt,35-44,male,6,6,3,6,6,5,6,5,6,6,6,7,6,5,7,6,6,5,7,5,4,5,6,7,3,4.0,6,6,3,3.0,4.0,1.0,5.0,6.0,2.0,2.0,3.0,4.0,1.0,5.0,6.0,7.0,3.0,2.0,9.0,4.0,5.0,1.0,8.0,G4,G6,G7
P025,pt,18-24,male,4,5,4,6,5,5,6,5,5,7,7,7,7,5,7,6,6,6,6,6,7,6,7,7,5,7.0,7,7,7,5.0,1.0,2.0,4.0,6.0,3.0,1.0,2.0,5.0,4.0,3.0,1.0,2.0,3.0,6.0,9.0,8.0,5.0,4.0,7.0,G8,G6,G7
P026,pt,44-54,female,5,4,3,3,3,5,4,4,4,5,6,6,5,3,5,5,3,2,5,3,6,3,5,5,2,4.0,6,6,5,5.0,2.0,1.0,3.0,6.0,4.0,1.0,3.0,4.0,2.0,5.0,1.0,8.0,6.0,2.0,9.0,7.0,3.0,4.0,5.0,G2,G6,G7
P027,pt,18-24,female,4,5,4,5,5,3,5,1,6,6,3,4,5,6,6,5,6,5,6,4,4,3,5,6,3,5.0,4,4,3,3.0,4.0,2.0,5.0,6.0,1.0,1.0,2.0,3.0,5.0,4.0,5.0,4.0,1.0,2.0,8.0,3.0,6.0,9.0,7.0,G8,G6,G7
P028,pt,18-24,male,5,5,3,4,4,5,5,4,5,7,7,4,5,5,4,6,6,6,6,6,6,4,5,7,5,6.0,6,6,6,2.0,1.0,3.0,5.0,6.0,4.0,1.0,2.0,3.0,4.0,5.0,6.0,9.0,7.0,2.0,8.0,3.0,4.0,1.0,5.0,G8,G6,G7
P029,pt,25-34,male,5,5,5,4,5,5,5,5,4,5,5,3,2,2,2,1,1,1,1,1,5,5,5,1,1,5.0,6,6,1,2.0,1.0,5.0,6.0,3.0,4.0,4.0,3.0,2.0,1.0,5.0,8.0,4.0,5.0,6.0,7.0,1.0,3.0,2.0,9.0,G8,G6,G7
P030,en,25-34,male,6,6,3,3,4,3,5,2,5,5,5,6,6,6,6,6,6,6,6,5,5,5,5,5,5,6.0,5,5,5,6.0,2.0,5.0,3.0,4.0,1.0,1.0,3.0,4.0,2.0,5.0,5.0,9.0,8.0,7.0,6.0,4.0,1.0,3.0,2.0,G8,G8,G8
P031,pt,18-24,male,5,4,4,1,4,4,2,3,5,5,7,4,6,4,5,7,6,4,3,1,5,2,4,6,6,7.0,7,7,5,1.0,3.0,5.0,2.0,4.0,6.0,1.0,2.0,5.0,3.0,4.0,4.0,5.0,9.0,3.0,6.0,8.0,1.0,2.0,7.0,G8,G3,G9
P032,pt,18-24,female,4,4,4,4,5,4,4,3,6,7,7,3,4,7,3,7,7,7,7,7,4,4,7,7,7,3.0,7,7,5,1.0,2.0,6.0,3.0,4.0,5.0,1.0,4.0,3.0,2.0,5.0,7.0,9.0,4.0,3.0,5.0,8.0,1.0,2.0,6.0,G8,G6,G7
P033,pt,44-54,female,6,6,2,6,5,4,5,3,6,7,7,7,7,7,7,7,7,7,7,7,6,6,6,6,6,6.0,6,6,6,5.0,3.0,4.0,2.0,6.0,1.0,1.0,3.0,2.0,5.0,4.0,1.0,2.0,3.0,4.0,5.0,6.0,7.0,8.0,9.0,G8,G6,G4
P034,pt,18-24,male,5,6,4,6,6,3,4,5,5,7,7,4,6,5,4,6,3,5,6,7,2,2,5,4,2,6.0,6,6,3,1.0,2.0,4.0,3.0,5.0,6.0,3.0,5.0,2.0,4.0,1.0,9.0,7.0,1.0,5.0,6.0,2.0,3.0,4.0,8.0,G8,G6,G4
P035,pt,18-24,male,3,4,4,3,3,4,3,4,4,4,4,2,3,3,3,4,4,4,4,4,2,2,2,2,2,2.0,2,2,2,4.0,3.0,5.0,1.0,2.0,6.0,1.0,2.0,4.0,5.0,3.0,3.0,7.0,8.0,2.0,1.0,9.0,6.0,5.0,4.0,G4,G3,G4
P036,pt,18-24,male,4,4,5,5,6,4,3,4,5,7,6,5,5,5,6,7,7,5,6,7,6,6,5,7,3,4.0,7,7,5,1.0,3.0,4.0,5.0,6.0,2.0,1.0,2.0,5.0,4.0,3.0,5.0,4.0,7.0,3.0,9.0,8.0,1.0,2.0,6.0,G8,G6,G7
P037,pt,18-24,male,4,5,3,3,4,4,5,4,5,6,6,6,6,4,6,3,3,2,2,3,1,3,2,4,2,2.0,5,5,2,5.0,4.0,2.0,6.0,3.0,1.0,3.0,2.0,5.0,4.0,1.0,3.0,5.0,6.0,4.0,8.0,9.0,1.0,2.0,7.0,G8,G3,G5
P038,pt,18-24,male,6,5,1,6,6,5,5,5,5,7,7,7,7,5,7,7,7,5,7,7,6,5,7,7,6,7.0,7,7,4,1.0,5.0,2.0,4.0,6.0,3.0,1.0,2.0,5.0,3.0,4.0,5.0,8.0,4.0,7.0,9.0,2.0,1.0,3.0,6.0,G8,G6,G7
P039,pt,under 18,female,5,5,5,6,6,5,5,4,6,6,7,7,3,3,7,2,5,5,2,4,5,2,4,7,5,,7,6,2,3.0,4.0,1.0,6.0,5.0,2.0,1.0,2.0,4.0,3.0,5.0,3.0,7.0,5.0,2.0,6.0,9.0,1.0,4.0,8.0,G8,G6,G7
P040,pt,44-54,male,4,4,5,2,2,3,1,3,4,6,5,6,6,3,6,5,5,5,5,5,5,5,5,5,5,5.0,5,5,5,2.0,6.0,1.0,4.0,5.0,3.0,1.0,3.0,4.0,2.0,5.0,1.0,8.0,5.0,7.0,9.0,2.0,3.0,6.0,4.0,G9,G5,G3
P041,pt,18-24,male,4,5,4,5,4,4,1,4,5,6,3,3,6,7,3,5,5,4,5,4,5,5,6,5,4,4.0,7,6,5,3.0,4.0,6.0,2.0,1.0,5.0,1.0,2.0,5.0,3.0,4.0,5.0,7.0,3.0,4.0,8.0,9.0,1.0,2.0,6.0,G8,G6,G4
P042,pt,44-54,female,4,4,6,4,2,3,3,2,5,5,6,7,6,5,6,3,3,3,3,3,3,3,3,3,2,3.0,3,3,3,6.0,5.0,2.0,3.0,4.0,1.0,1.0,5.0,4.0,2.0,3.0,5.0,7.0,6.0,4.0,8.0,3.0,1.0,2.0,9.0,G8,G6,G7
P043,en,18-24,male,5,5,3,5,5,4,4,3,5,3,6,3,6,2,3,3,3,3,3,3,2,2,2,3,1,3.0,3,3,2,3.0,2.0,4.0,1.0,6.0,5.0,2.0,3.0,4.0,1.0,5.0,5.0,4.0,9.0,1.0,7.0,8.0,2.0,3.0,6.0,G8,G6,G7
P044,pt,18-24,male,4,5,4,3,3,2,4,4,5,6,5,5,4,5,5,6,6,4,6,4,3,5,7,6,3,7.0,7,7,3,1.0,5.0,4.0,2.0,6.0,3.0,1.0,2.0,5.0,3.0,4.0,6.0,7.0,3.0,5.0,8.0,4.0,1.0,2.0,9.0,G8,G6,G7
P045,pt,44-54,male,4,5,3,5,4,3,3,2,4,7,7,7,7,6,7,7,7,7,7,7,7,7,7,7,5,5.0,7,7,5,1.0,4.0,2.0,6.0,5.0,3.0,1.0,4.0,3.0,5.0,2.0,3.0,4.0,7.0,6.0,8.0,9.0,1.0,2.0,5.0,G8,G6,G7
P046,pt,18-24,male,4,5,5,5,5,3,4,3,4,6,6,5,5,5,4,5,5,4,5,4,4,4,5,6,5,4.0,7,7,6,4.0,1.0,6.0,3.0,2.0,5.0,1.0,2.0,4.0,3.0,5.0,5.0,7.0,4.0,3.0,9.0,8.0,2.0,1.0,6.0,G8,G6,G7
P047,pt,18-24,male,5,6,6,6,4,5,4,6,5,6,7,7,3,6,7,6,5,7,6,7,5,6,6,7,2,7.0,7,5,6,5.0,1.0,3.0,6.0,2.0,4.0,2.0,4.0,1.0,3.0,5.0,8.0,6.0,7.0,4.0,9.0,3.0,1.0,2.0,5.0,G8,G6,G7
P048,pt,25-34,male,4,5,5,5,6,4,2,4,4,7,3,5,4,3,5,3,1,1,3,1,5,2,3,5,1,4.0,5,4,4,1.0,5.0,2.0,4.0,6.0,3.0,1.0,2.0,5.0,4.0,3.0,3.0,8.0,4.0,2.0,9.0,7.0,1.0,6.0,5.0,G8,G6,G7
P049,en,35-44,male,6,6,5,5,6,6,5,5,6,3,2,6,6,3,6,1,1,1,1,1,1,1,1,1,1,1.0,1,1,1,4.0,3.0,1.0,5.0,6.0,2.0,1.0,3.0,4.0,5.0,2.0,9.0,1.0,5.0,7.0,2.0,8.0,4.0,6.0,3.0,G8,G8,G8
P050,pt,18-24,male,4,4,2,4,4,2,4,2,4,6,6,7,5,6,7,7,7,6,7,6,6,7,7,7,6,7.0,7,7,7,5.0,3.0,1.0,6.0,4.0,2.0,1.0,2.0,5.0,3.0,4.0,8.0,9.0,7.0,5.0,4.0,6.0,1.0,2.0,3.0,G8,G6,G7
P051,pt,18-24,male,6,6,3,3,6,6,5,5,6,7,7,1,1,5,1,4,4,4,7,7,6,1,5,6,3,7.0,7,7,1,2.0,1.0,6.0,3.0,4.0,5.0,5.0,3.0,4.0,1.0,2.0,1.0,9.0,3.0,4.0,7.0,5.0,6.0,2.0,8.0,G8,G6,G7
P052,pt,18-24,female,5,4,4,3,3,3,3,3,3,7,5,7,7,7,7,5,5,6,7,6,6,5,6,6,5,6.0,6,6,6,4.0,6.0,1.0,3.0,5.0,2.0,4.0,5.0,3.0,1.0,2.0,6.0,9.0,5.0,1.0,7.0,8.0,2.0,3.0,4.0,G8,G6,G7
P053,pt,18-24,male,4,4,5,4,4,4,4,4,4,5,7,4,6,6,4,5,6,5,5,6,5,5,6,7,5,5.0,7,7,6,4.0,1.0,5.0,3.0,2.0,6.0,3.0,1.0,5.0,4.0,2.0,6.0,5.0,4.0,3.0,8.0,7.0,2.0,1.0,9.0,G8,G6,G7
P054,pt,18-24,male,5,5,5,5,5,5,5,5,5,6,7,3,7,6,3,6,6,6,7,6,7,5,6,7,5,6.0,7,6,5,4.0,2.0,5.0,1.0,3.0,6.0,3.0,5.0,4.0,1.0,2.0,3.0,8.0,6.0,2.0,9.0,5.0,1.0,4.0,7.0,G8,G6,G7
P055,pt,18-24,female,1,2,4,4,4,2,2,3,4,3,7,6,5,6,6,7,7,4,5,5,6,3,7,7,5,4.0,7,5,6,6.0,1.0,2.0,5.0,4.0,3.0,1.0,2.0,5.0,4.0,3.0,5.0,8.0,3.0,1.0,9.0,7.0,2.0,4.0,6.0,G8,G6,G7
P056,pt,18-24,male,5,6,2,6,6,5,6,5,6,6,7,5,6,5,5,4,5,5,5,4,6,5,6,6,5,4.0,6,6,4,3.0,1.0,5.0,2.0,4.0,6.0,4.0,1.0,2.0,3.0,5.0,1.0,6.0,2.0,3.0,7.0,8.0,4.0,5.0,9.0,G8,G6,G7
P057,pt,35-44,male,5,5,2,4,4,5,4,4,4,3,2,3,5,5,3,1,1,1,1,1,1,1,1,1,1,1.0,1,3,1,3.0,1.0,2.0,4.0,5.0,6.0,2.0,3.0,4.0,1.0,5.0,4.0,3.0,5.0,2.0,1.0,6.0,8.0,9.0,7.0,G8,G3,G2
P058,pt,18-24,male,5,5,2,4,4,3,4,3,5,7,7,4,6,6,3,5,5,3,5,5,6,2,5,6,2,5.0,7,7,7,4.0,1.0,5.0,3.0,2.0,6.0,4.0,1.0,5.0,3.0,2.0,7.0,5.0,6.0,4.0,8.0,9.0,2.0,1.0,3.0,G2,G6,G7
P059,pt,44-54,female,4,4,3,4,5,3,4,3,5,5,6,6,5,5,6,6,6,5,6,6,3,3,3,3,3,3.0,3,3,3,4.0,3.0,1.0,6.0,5.0,2.0,1.0,2.0,5.0,3.0,4.0,8.0,7.0,9.0,5.0,4.0,6.0,1.0,2.0,3.0,G8,G3,G7
P060,pt,18-24,male,4,4,2,5,5,5,4,5,6,6,6,7,5,7,7,7,6,3,5,3,2,3,3,5,1,2.0,5,6,1,4.0,3.0,2.0,6.0,5.0,1.0,1.0,2.0,5.0,3.0,4.0,6.0,4.0,3.0,5.0,9.0,7.0,1.0,2.0,8.0,G8,G6,G7
P061,pt,35-44,male,4,5,5,5,5,3,4,4,5,6,4,6,6,4,6,6,5,4,6,5,5,6,6,5,4,5.0,6,6,5,3.0,5.0,1.0,4.0,6.0,2.0,1.0,3.0,5.0,2.0,4.0,4.0,8.0,2.0,6.0,9.0,7.0,1.0,3.0,5.0,G8,G6,G7
P062,pt,18-24,male,4,5,2,4,5,4,4,4,5,6,5,4,5,6,5,4,4,3,5,6,5,4,6,6,4,5.0,7,7,5,3.0,1.0,6.0,4.0,2.0,5.0,3.0,4.0,5.0,2.0,1.0,7.0,9.0,3.0,4.0,8.0,6.0,1.0,2.0,5.0,G8,G6,G7
P063,pt,18-24,female,4,5,5,5,3,4,4,3,4,6,5,5,3,3,5,7,7,6,7,5,6,6,6,7,6,7.0,7,6,6,1.0,4.0,2.0,5.0,6.0,3.0,1.0,3.0,4.0,2.0,5.0,6.0,1.0,4.0,5.0,7.0,8.0,2.0,3.0,9.0,G8,G6,G7
P064,pt,18-24,female,2,2,5,4,2,1,2,1,3,7,5,3,6,6,3,6,6,6,6,6,6,4,6,6,6,6.0,6,6,6,1.0,2.0,4.0,3.0,5.0,6.0,1.0,4.0,3.0,2.0,5.0,1.0,7.0,3.0,4.0,8.0,2.0,5.0,6.0,9.0,G8,G6,G7
P065,pt,18-24,female,6,6,1,6,6,1,6,1,6,6,7,7,6,5,7,7,7,7,7,7,7,2,5,7,2,7.0,7,7,7,3.0,5.0,1.0,6.0,4.0,2.0,1.0,2.0,4.0,3.0,5.0,7.0,8.0,6.0,3.0,9.0,5.0,2.0,1.0,4.0,G8,G6,G7
P066,pt,18-24,female,5,5,5,5,5,4,4,2,5,6,5,2,6,2,3,5,5,5,5,5,5,2,6,6,2,2.0,6,5,2,1.0,2.0,4.0,3.0,6.0,5.0,1.0,3.0,5.0,2.0,4.0,4.0,6.0,1.0,3.0,8.0,9.0,2.0,5.0,7.0,G8,G6,G7
P067,pt,18-24,male,5,5,6,4,4,2,3,2,4,7,7,7,4,5,5,6,5,6,7,6,7,5,7,6,6,4.0,7,5,6,1.0,5.0,2.0,3.0,4.0,6.0,3.0,2.0,4.0,1.0,5.0,4.0,6.0,1.0,2.0,8.0,9.0,3.0,7.0,5.0,G5,G6,G7
P068,pt,44-54,female,5,5,1,4,4,2,6,1,5,7,5,7,7,6,7,6,6,7,7,6,6,6,6,5,6,5.0,7,7,6,4.0,1.0,5.0,2.0,3.0,6.0,1.0,4.0,2.0,3.0,5.0,1.0,7.0,8.0,6.0,9.0,3.0,2.0,4.0,5.0,G2,G6,G7
P069,pt,18-24,male,5,5,5,4,5,5,5,4,5,6,6,6,6,6,6,6,6,6,6,6,6,6,6,6,6,6.0,6,6,6,1.0,5.0,3.0,4.0,6.0,2.0,1.0,2.0,5.0,3.0,4.0,1.0,5.0,7.0,8.0,4.0,9.0,2.0,3.0,6.0,G8,G6,G7
P070,pt,18-24,male,3,3,2,4,4,2,3,2,3,6,6,5,6,5,5,6,6,5,6,6,5,4,6,6,4,6.0,6,6,3,1.0,2.0,6.0,3.0,4.0,5.0,1.0,3.0,5.0,2.0,4.0,4.0,8.0,3.0,5.0,9.0,6.0,2.0,1.0,7.0,G2,G6,G4
P071,pt,18-24,male,6,6,3,3,5,6,4,4,4,7,7,6,6,6,6,5,5,2,5,5,5,3,3,5,2,3.0,5,2,3,1.0,2.0,3.0,5.0,6.0,4.0,1.0,2.0,5.0,4.0,3.0,1.0,7.0,6.0,3.0,4.0,5.0,2.0,9.0,8.0,G8,G6,G7
P072,pt,18-24,male,4,4,4,3,4,4,4,4,4,6,5,7,7,5,7,5,6,5,6,6,5,2,6,6,4,5.0,7,7,5,4.0,5.0,3.0,1.0,6.0,2.0,3.0,1.0,4.0,2.0,5.0,4.0,9.0,5.0,3.0,8.0,6.0,2.0,1.0,7.0,G8,G6,G7
P073,pt,18-24,male,5,6,4,6,6,5,5,6,6,5,6,2,5,5,2,3,3,2,3,3,5,5,6,5,5,5.0,6,6,4,3.0,1.0,6.0,2.0,4.0,5.0,1.0,2.0,5.0,4.0,3.0,5.0,8.0,4.0,7.0,3.0,6.0,2.0,1.0,9.0,G8,G6,G7
P074,pt,18-24,female,3,3,3,2,2,3,4,1,4,3,6,3,6,7,3,3,3,2,2,3,7,2,2,7,1,7.0,7,7,7,6.0,3.0,4.0,2.0,1.0,5.0,4.0,5.0,2.0,3.0,1.0,2.0,8.0,9.0,4.0,7.0,6.0,3.0,5.0,1.0,G8,G6,G7
P075,pt,44-54,female,5,5,2,4,4,4,5,3,5,6,5,3,5,3,3,7,6,6,6,6,5,5,5,5,5,5.0,7,7,4,1.0,3.0,6.0,2.0,4.0,5.0,1.0,2.0,5.0,3.0,4.0,3.0,4.0,6.0,8.0,5.0,7.0,1.0,2.0,9.0,G8,G6,G7
P076,pt,18-24,male,5,4,5,5,3,3,4,4,5,6,6,5,6,5,5,7,6,6,6,5,5,4,3,7,2,5.0,7,7,5,1.0,2.0,5.0,3.0,4.0,6.0,1.0,2.0,5.0,3.0,4.0,4.0,9.0,7.0,3.0,8.0,5.0,1.0,2.0,6.0,G8,G6,G7
P077,pt,18-24,male,6,6,5,6,5,4,5,4,5,5,7,6,6,6,6,7,7,5,7,6,5,5,7,5,5,5.0,6,6,5,6.0,1.0,5.0,3.0,2.0,4.0,1.0,2.0,4.0,3.0,5.0,6.0,4.0,3.0,5.0,9.0,8.0,2.0,1.0,7.0,G8,G6,G7
P078,pt,18-24,male,5,4,4,5,5,5,4,5,4,6,6,3,6,4,2,2,3,3,4,5,2,1,2,2,2,2.0,2,2,2,2.0,3.0,5.0,1.0,6.0,4.0,5.0,3.0,4.0,2.0,1.0,2.0,6.0,1.0,5.0,8.0,9.0,3.0,4.0,7.0,G8,G6,G7
P079,pt,18-24,female,6,6,3,5,5,6,5,5,5,6,6,5,5,3,5,2,2,2,2,2,2,2,2,2,2,2.0,2,2,2,1.0,2.0,4.0,3.0,6.0,5.0,1.0,2.0,3.0,4.0,5.0,1.0,2.0,3.0,4.0,5.0,6.0,7.0,8.0,9.0,G8,G6,G7
P080,pt,18-24,female,1,2,6,1,1,1,1,3,4,7,7,7,7,5,7,7,7,6,7,7,5,3,7,7,5,6.0,7,5,7,1.0,3.0,2.0,5.0,6.0,4.0,1.0,4.0,3.0,2.0,5.0,7.0,6.0,3.0,5.0,8.0,4.0,1.0,9.0,2.0,G8,G3,G7
P081,pt,18-24,male,3,5,4,4,5,4,4,3,3,6,7,5,3,4,5,6,5,4,6,3,4,2,4,5,1,5.0,7,6,2,2.0,1.0,4.0,6.0,5.0,3.0,1.0,3.0,4.0,2.0,5.0,6.0,8.0,5.0,3.0,9.0,4.0,1.0,2.0,7.0,G8,G6,G7
P082,pt,18-24,male,4,4,2,4,4,4,5,5,4,7,6,7,7,6,7,6,6,5,7,7,5,5,6,6,5,7.0,7,7,7,4.0,5.0,2.0,3.0,6.0,1.0,1.0,2.0,5.0,3.0,4.0,7.0,6.0,5.0,4.0,8.0,2.0,1.0,9.0,3.0,G8,G6,G3
P083,pt,18-24,female,4,5,2,6,5,4,3,3,6,7,6,5,6,5,6,6,6,5,5,6,6,3,5,6,5,5.0,7,6,6,3.0,2.0,6.0,1.0,5.0,4.0,1.0,2.0,5.0,4.0,3.0,3.0,7.0,9.0,6.0,8.0,5.0,1.0,2.0,4.0,G8,G6,G7
P084,en,25-34,male,5,5,4,4,4,4,4,4,4,6,7,5,4,4,5,6,5,5,6,6,6,6,5,6,4,6.0,7,7,5,2.0,1.0,3.0,4.0,5.0,6.0,1.0,3.0,5.0,4.0,2.0,8.0,3.0,6.0,4.0,9.0,2.0,1.0,5.0,7.0,G8,G6,G7
P085,pt,25-34,female,3,4,1,3,3,4,4,3,3,6,4,3,6,3,3,2,3,1,3,1,3,1,3,3,1,2.0,5,2,1,1.0,5.0,4.0,2.0,6.0,3.0,3.0,1.0,5.0,2.0,4.0,1.0,8.0,4.0,3.0,9.0,6.0,2.0,5.0,7.0,G8,G6,G7
P086,pt,35-44,male,5,5,3,4,5,5,5,5,4,6,5,5,2,2,1,5,5,2,5,5,3,1,5,2,2,2.0,6,6,2,1.0,2.0,3.0,5.0,4.0,6.0,1.0,2.0,5.0,4.0,3.0,4.0,9.0,3.0,7.0,8.0,6.0,1.0,2.0,5.0,G8,G6,G7
P087,pt,18-24,male,3,3,4,4,5,4,2,4,4,5,6,6,4,5,6,5,3,5,5,5,2,2,5,4,2,5.0,6,6,2,4.0,3.0,1.0,6.0,5.0,2.0,1.0,5.0,3.0,4.0,2.0,8.0,7.0,3.0,5.0,6.0,4.0,1.0,2.0,9.0,G7,G6,G6
P088,pt,44-54,female,2,2,3,2,2,2,2,2,5,6,6,6,6,5,6,5,5,5,5,5,3,3,3,5,2,2.0,6,5,3,1.0,3.0,2.0,4.0,5.0,6.0,1.0,2.0,3.0,5.0,4.0,6.0,7.0,5.0,3.0,8.0,4.0,1.0,2.0,9.0,G8,G6,G7
P089,pt,18-24,male,6,6,1,6,6,5,5,5,6,7,7,6,4,5,7,5,3,4,6,2,5,2,5,6,4,5.0,7,7,7,1.0,2.0,3.0,6.0,5.0,4.0,1.0,3.0,4.0,2.0,5.0,3.0,9.0,6.0,5.0,8.0,7.0,2.0,1.0,4.0,G8,G6,G7
P090,pt,18-24,male,5,5,5,5,5,4,4,4,5,5,7,3,6,6,3,6,6,3,6,2,5,5,6,6,5,6.0,7,7,5,4.0,1.0,6.0,3.0,2.0,5.0,2.0,1.0,4.0,3.0,5.0,7.0,9.0,5.0,2.0,4.0,3.0,1.0,6.0,8.0,G8,G6,G7
P091,pt,25-34,male,6,6,1,6,6,5,5,5,5,5,5,3,3,2,4,2,2,2,2,2,1,1,1,1,1,1.0,1,1,1,1.0,2.0,6.0,4.0,5.0,3.0,2.0,1.0,4.0,3.0,5.0,2.0,4.0,1.0,3.0,9.0,5.0,6.0,7.0,8.0,G8,G6,G5
P092,en,18-24,male,6,6,2,5,5,6,5,5,5,6,6,5,6,6,5,5,5,5,5,6,5,6,7,7,4,7.0,7,7,5,1.0,4.0,5.0,3.0,2.0,6.0,4.0,5.0,3.0,2.0,1.0,6.0,9.0,5.0,3.0,8.0,4.0,1.0,2.0,7.0,G8,G6,G4
P093,pt,18-24,male,5,6,1,6,5,5,5,5,6,6,6,5,6,5,5,6,5,5,6,2,5,2,5,6,5,5.0,6,6,2,6.0,1.0,5.0,2.0,3.0,4.0,1.0,3.0,4.0,2.0,5.0,4.0,9.0,5.0,3.0,8.0,6.0,2.0,1.0,7.0,G8,G9,G7
P094,pt,18-24,male,4,5,3,4,3,4,4,1,5,6,6,7,6,5,7,6,6,5,6,5,5,2,6,6,3,6.0,5,5,3,3.0,4.0,2.0,5.0,6.0,1.0,1.0,2.0,4.0,3.0,5.0,4.0,7.0,1.0,6.0,9.0,2.0,3.0,5.0,8.0,G8,G6,G1
P095,pt,18-24,female,5,6,3,6,6,6,5,5,6,4,7,6,3,3,6,6,6,4,6,4,2,2,2,5,3,3.0,5,5,1,4.0,3.0,1.0,5.0,6.0,2.0,1.0,2.0,4.0,5.0,3.0,4.0,6.0,7.0,1.0,8.0,9.0,3.0,2.0,5.0,G8,G6,G2
P096,pt,18-24,male,5,5,4,5,5,5,5,4,6,6,4,4,3,3,4,5,6,4,6,3,5,3,6,5,3,6.0,7,5,4,1.0,4.0,2.0,6.0,5.0,3.0,2.0,3.0,5.0,1.0,4.0,5.0,7.0,4.0,6.0,9.0,3.0,1.0,2.0,8.0,G8,G6,G7
P097,pt,18-24,female,4,5,4,4,4,5,4,4,6,5,3,5,3,4,3,6,5,2,6,3,3,3,3,3,1,2.0,6,1,1,1.0,2.0,4.0,6.0,3.0,5.0,1.0,3.0,4.0,2.0,5.0,2.0,5.0,3.0,4.0,6.0,7.0,1.0,8.0,9.0,G8,G6,G7
P098,pt,18-24,male,5,4,2,4,5,5,3,4,4,3,4,6,3,4,6,7,7,3,6,6,5,4,7,7,7,5.0,7,7,7,3.0,4.0,2.0,5.0,6.0,1.0,2.0,1.0,4.0,3.0,5.0,7.0,9.0,2.0,1.0,6.0,8.0,3.0,4.0,5.0,G8,G6,G7
P099,pt,18-24,male,6,6,2,6,6,5,4,6,6,5,6,3,5,6,3,6,6,4,6,6,4,2,6,7,4,6.0,7,6,4,3.0,1.0,5.0,2.0,4.0,6.0,1.0,2.0,5.0,3.0,4.0,7.0,9.0,1.0,6.0,5.0,4.0,2.0,3.0,8.0,G8,G6,G7
P100,pt,18-24,male,5,4,4,5,4,6,3,5,5,4,5,7,6,5,7,1,1,1,1,1,2,3,3,5,3,3.0,3,5,4,6.0,4.0,1.0,3.0,5.0,2.0,1.0,3.0,2.0,4.0,5.0,7.0,8.0,6.0,1.0,9.0,5.0,3.0,2.0,4.0,G8,G6,G7
P101,pt,18-24,male,5,5,3,5,5,4,4,4,5,6,7,3,5,6,3,5,5,5,6,7,6,6,7,5,6,6.0,7,7,4,3.0,1.0,6.0,4.0,2.0,5.0,4.0,5.0,3.0,2.0,1.0,9.0,6.0,2.0,5.0,7.0,3.0,4.0,1.0,8.0,G8,G6,G7
P102,pt,18-24,male,5,5,5,6,6,5,6,5,4,6,5,5,6,4,5,6,6,5,6,6,2,6,6,6,6,6.0,7,7,2,1.0,3.0,4.0,2.0,6.0,5.0,1.0,3.0,5.0,2.0,4.0,9.0,6.0,4.0,3.0,5.0,8.0,2.0,1.0,7.0,G8,G6,G7
P103,pt,18-24,male,6,4,2,6,6,4,4,3,5,5,4,6,5,3,6,4,4,5,6,5,2,2,6,6,2,6.0,6,6,5,3.0,5.0,1.0,4.0,6.0,2.0,3.0,4.0,5.0,2.0,1.0,5.0,9.0,7.0,6.0,8.0,2.0,1.0,3.0,4.0,G8,G6,G7
P104,pt,18-24,male,4,5,3,5,5,3,4,2,4,4,7,5,6,6,7,5,6,5,5,7,6,4,6,7,6,7.0,6,5,6,6.0,1.0,3.0,4.0,5.0,2.0,2.0,5.0,4.0,3.0,1.0,2.0,6.0,1.0,9.0,3.0,4.0,7.0,8.0,5.0,G8,G6,G7
P105,pt,18-24,male,5,5,1,5,6,4,3,3,4,7,7,6,5,5,7,6,6,6,6,6,6,6,7,7,5,6.0,7,7,5,1.0,2.0,3.0,4.0,6.0,5.0,1.0,2.0,4.0,5.0,3.0,1.0,3.0,2.0,4.0,5.0,6.0,7.0,8.0,9.0,G8,G6,G7
P106,pt,18-24,male,3,5,4,3,4,3,3,4,5,7,7,7,7,7,7,6,6,6,6,6,6,6,6,7,6,7.0,7,7,5,1.0,5.0,3.0,2.0,6.0,4.0,1.0,2.0,4.0,3.0,5.0,1.0,6.0,8.0,3.0,5.0,4.0,2.0,9.0,7.0,G8,G6,G7
P107,pt,25-34,male,5,5,3,4,5,4,5,2,4,6,3,4,4,3,3,2,2,2,5,2,3,5,5,3,5,3.0,2,5,2,1.0,3.0,4.0,2.0,5.0,6.0,1.0,4.0,2.0,5.0,3.0,8.0,7.0,6.0,9.0,4.0,5.0,1.0,3.0,2.0,G5,G4,G8
P108,pt,18-24,male,6,6,1,6,6,6,5,2,5,6,6,3,6,5,3,6,6,5,7,5,6,7,5,7,5,7.0,7,7,6,2.0,3.0,6.0,1.0,4.0,5.0,3.0,4.0,5.0,1.0,2.0,4.0,6.0,7.0,3.0,8.0,5.0,1.0,2.0,9.0,G8,G6,G7
P109,pt,18-24,male,6,6,3,6,6,5,5,4,6,6,2,5,1,3,5,6,5,4,6,5,6,4,5,6,3,5.0,7,7,6,1.0,4.0,2.0,6.0,5.0,3.0,1.0,2.0,5.0,4.0,3.0,5.0,3.0,4.0,6.0,8.0,7.0,1.0,2.0,9.0,G8,G6,G7
P110,en,18-24,female,2,5,3,5,5,4,5,3,5,6,6,7,7,1,7,6,6,3,5,3,2,2,7,6,2,5.0,7,7,2,5.0,4.0,3.0,2.0,6.0,1.0,1.0,2.0,5.0,3.0,4.0,6.0,9.0,3.0,4.0,8.0,5.0,1.0,2.0,7.0,G8,G6,G4
P111,pt,18-24,male,4,6,5,4,5,4,4,3,4,7,6,3,5,5,3,7,7,5,6,5,5,5,7,6,3,6.0,6,5,5,1.0,2.0,5.0,3.0,4.0,6.0,1.0,2.0,4.0,3.0,5.0,7.0,8.0,1.0,4.0,9.0,3.0,2.0,5.0,6.0,G8,G6,G7
P112,pt,18-24,male,4,6,2,6,5,6,5,5,5,5,6,2,7,6,2,4,2,6,6,4,4,2,5,7,6,7.0,7,7,1,4.0,3.0,5.0,2.0,1.0,6.0,4.0,3.0,1.0,2.0,5.0,7.0,8.0,6.0,1.0,5.0,3.0,2.0,4.0,9.0,G8,G6,G7
P113,pt,18-24,male,6,6,3,5,5,4,5,3,6,7,7,6,5,6,5,6,6,6,6,6,5,5,6,6,4,6.0,6,6,6,1.0,2.0,4.0,5.0,3.0,6.0,1.0,3.0,4.0,5.0,2.0,8.0,9.0,1.0,2.0,6.0,5.0,3.0,4.0,7.0,G8,G6,G7
P114,pt,18-24,male,5,5,4,6,5,5,5,4,5,7,6,7,6,5,7,6,5,5,6,6,6,5,7,7,5,6.0,7,7,5,1.0,6.0,2.0,4.0,5.0,3.0,1.0,3.0,4.0,2.0,5.0,5.0,7.0,1.0,2.0,9.0,6.0,3.0,4.0,8.0,G8,G6,G7
P115,pt,18-24,female,2,2,3,2,2,2,2,2,3,6,4,5,5,3,5,5,5,2,5,2,4,2,6,6,2,2.0,6,4,4,1.0,6.0,3.0,4.0,5.0,2.0,1.0,3.0,4.0,2.0,5.0,4.0,8.0,3.0,5.0,9.0,7.0,1.0,2.0,6.0,G8,G6,G7
P116,pt,18-24,female,4,4,3,4,4,5,4,5,4,6,5,3,6,2,3,5,5,3,5,5,2,2,2,2,2,2.0,2,2,2,1.0,3.0,5.0,2.0,4.0,6.0,4.0,3.0,5.0,2.0,1.0,3.0,5.0,1.0,2.0,8.0,7.0,6.0,4.0,9.0,G8,G3,G7
P117,pt,25-34,male,4,6,3,5,5,4,4,5,4,6,2,5,6,4,6,7,7,2,7,6,5,6,7,7,6,1.0,7,7,7,4.0,1.0,2.0,5.0,6.0,3.0,1.0,2.0,5.0,3.0,4.0,7.0,5.0,6.0,2.0,9.0,8.0,1.0,3.0,4.0,G8,G6,G7
P118,pt,25-34,male,5,4,5,3,4,4,4,3,4,6,7,5,6,4,5,5,3,3,3,2,5,3,5,5,2,4.0,6,5,5,2.0,1.0,4.0,5.0,6.0,3.0,1.0,2.0,4.0,3.0,5.0,3.0,9.0,6.0,8.0,7.0,5.0,2.0,1.0,4.0,G8,G6,G7
P119,pt,25-34,male,6,6,3,6,6,5,6,5,6,5,5,3,4,5,3,6,5,3,7,4,5,1,5,7,4,6.0,7,5,2,1.0,3.0,5.0,4.0,2.0,6.0,2.0,3.0,4.0,1.0,5.0,8.0,9.0,4.0,5.0,7.0,2.0,1.0,3.0,6.0,G8,G6,G7
P120,pt,18-24,male,5,5,3,5,5,4,5,4,5,5,6,6,7,5,6,6,6,5,6,7,6,4,6,6,4,5.0,7,7,4,6.0,5.0,2.0,1.0,4.0,3.0,3.0,2.0,5.0,4.0,1.0,4.0,8.0,3.0,7.0,9.0,6.0,1.0,2.0,5.0,G8,G6,G7
P121,pt,44-54,male,6,6,5,5,6,4,3,4,6,6,6,7,7,6,6,3,3,3,5,6,2,1,1,1,1,1.0,2,2,2,6.0,1.0,5.0,2.0,3.0,4.0,5.0,4.0,3.0,2.0,1.0,8.0,9.0,7.0,6.0,5.0,4.0,1.0,2.0,3.0,G8,G8,G7
P122,pt,18-24,male,6,6,6,6,6,5,5,4,6,5,7,3,6,6,3,2,2,2,2,2,3,2,2,6,2,2.0,2,2,2,4.0,1.0,6.0,3.0,2.0,5.0,1.0,5.0,4.0,2.0,3.0,5.0,4.0,3.0,1.0,7.0,9.0,6.0,2.0,8.0,G8,G6,G7
P123,pt,18-24,male,2,1,6,1,1,6,1,6,1,4,4,4,4,4,4,4,4,4,4,4,4,4,4,4,4,4.0,4,4,4,1.0,4.0,3.0,2.0,6.0,5.0,1.0,2.0,3.0,5.0,4.0,1.0,2.0,5.0,7.0,8.0,9.0,4.0,3.0,6.0,G8,G6,G7
P124,en,25-34,male,5,5,5,4,4,5,2,3,5,6,5,5,2,4,5,6,4,4,6,3,4,2,6,1,3,1.0,7,7,3,1.0,2.0,3.0,6.0,5.0,4.0,1.0,3.0,4.0,2.0,5.0,4.0,7.0,3.0,9.0,5.0,8.0,1.0,2.0,6.0,G8,G8,G7
